CODE_DISTRICT,DISTRICT,IMPORT_€_ANUAL
1,Ciutat Vella,15255.75
2,Eixample,24140.5
3,Sants-Montjuïc,18274.25
4,Les Corts,29352.666666666668
5,Sarrià-Sant Gervasi,32156.5
6,Gràcia,23071.8
7,Horta-Guinardó,19697.363636363636
8,Nou Barris,14891.384615384615
9,Sant Andreu,17336.85714285714
10,Sant Martí,20609.9
